id,name,email,password
1,Nicholas Mason,n.mason@randatmail.com,jsktujlqqn
2,Eric Dixon,e.dixon@randatmail.com,mmkr3ib91a
3,Kevin Howard,k.howard@randatmail.com,jf6hh0xv8s
4,Samantha Martin,s.martin@randatmail.com,d19snq1kcd
5,Sabrina Andrews,s.andrews@randatmail.com,8k4qzyglbt
6,Mary Allen,m.allen@randatmail.com,pfrfp26en7
7,Brianna Sullivan,b.sullivan@randatmail.com,veqdav3g8q
8,Elian Cunningham,e.cunningham@randatmail.com,l1w7gqo011
9,Martin Davis,m.davis@randatmail.com,c8rymetmsp
10,James Ferguson,j.ferguson@randatmail.com,vzrc3u3jim
11,Kristian Morrison,k.morrison@randatmail.com,zutgufbwvk
12,Jordan Douglas,j.douglas@randatmail.com,471qrgptll
13,Haris Johnson,h.johnson@randatmail.com,3zzmsv5xue
14,Frederick Douglas,f.douglas@randatmail.com,9u435zod2p
15,Roman Barrett,r.barrett@randatmail.com,96emb13xht
16,Edwin Armstrong,e.armstrong@randatmail.com,3clv14448e
17,Henry Cooper,h.cooper@randatmail.com,dx8066fhwm
18,David Barrett,d.barrett@randatmail.com,ohnho7xxyj
19,Amelia Perry,a.perry@randatmail.com,hzhwue3t0x
20,Stuart Nelson,s.nelson@randatmail.com,jgz5vi09sm
21,Lucy Richardson,l.richardson@randatmail.com,pu5e8qfovv
22,Lilianna Hamilton,l.hamilton@randatmail.com,pjzxlmcjyx
23,Frederick Turner,f.turner@randatmail.com,jhi1xufgz4
24,Elian Mitchell,e.mitchell@randatmail.com,lf5kioilym
25,Penelope Walker,p.walker@randatmail.com,wxdglk694n
26,Dominik Wells,d.wells@randatmail.com,3t55xnr1dv
27,Brad Cooper,b.cooper@randatmail.com,9y327wog5y
28,Jacob Tucker,j.tucker@randatmail.com,c6icwaamdn
29,Eric Cooper,e.cooper@randatmail.com,be41zo64gi
30,Victoria Crawford,v.crawford@randatmail.com,61kbzpfazy
31,David Andrews,d.andrews@randatmail.com,qai9d6qua5
32,Stuart Ross,s.ross@randatmail.com,vfl73lq124
33,Max Casey,m.casey@randatmail.com,izxbhgb755
34,Lilianna Kelly,l.kelly@randatmail.com,6u34ut43vw
35,Alissa Edwards,a.edwards@randatmail.com,uj86yt64ma
36,Dominik Richards,d.richards@randatmail.com,l0pmt1gbr7
37,Tara Gray,t.gray@randatmail.com,6fr9zrljuu
38,Mike Taylor,m.taylor@randatmail.com,5t9rld0k6d
39,Michael Barrett,m.barrett@randatmail.com,q9zeu2h4n7
40,Fiona Baker,f.baker@randatmail.com,z2ju89ojbg
41,Lucy Crawford,l.crawford@randatmail.com,k2eqgepsb4
42,Honey Howard,h.howard@randatmail.com,3kfzisjz4f
43,Darcy Kelly,d.kelly@randatmail.com,tohd4i0l40
44,Emily Barnes,e.barnes@randatmail.com,82yp5ijyqv
45,Julia Carter,j.carter@randatmail.com,5kj3x5kwx3
46,Lucas Thompson,l.thompson@randatmail.com,eayl70iagy
47,Leonardo Hawkins,l.hawkins@randatmail.com,7ggk9rsql8
48,Harold Cunningham,h.cunningham@randatmail.com,z7yky300zu
49,Edith Riley,e.riley@randatmail.com,ingt98hw36
50,Alissa Scott,a.scott@randatmail.com,u0ig8161h1
51,Alford Warren,a.warren@randatmail.com,7i3z4zpd7k
52,Alissa Reed,a.reed@randatmail.com,m1oz8s9vb7
53,Rubie Henderson,r.henderson@randatmail.com,ngn7y7sc26
54,Frederick Stevens,f.stevens@randatmail.com,g0v30m7dj1
55,Eleanor Dixon,e.dixon@randatmail.com,pomocqh0my
56,Alexia Campbell,a.campbell@randatmail.com,gob4djc6a3
57,Brad Davis,b.davis@randatmail.com,cd3d82c71v
58,Kelsey Harper,k.harper@randatmail.com,pz0rhlja7r
59,Sabrina Farrell,s.farrell@randatmail.com,pulal9kw7s
60,Charlie Phillips,c.phillips@randatmail.com,f7mun6l79k
61,Blake Stewart,b.stewart@randatmail.com,d0fgswuzp3
62,Roman Payne,r.payne@randatmail.com,8b27lo0ys0
63,Sam Henderson,s.henderson@randatmail.com,iftxw6i5h5
64,Florrie Wilson,f.wilson@randatmail.com,mayxs276wh
65,Richard Elliott,r.elliott@randatmail.com,9a28dmn49n
66,Victoria Smith,v.smith@randatmail.com,b8w5flle0n
67,Harold Harper,h.harper@randatmail.com,gz8jd3748y
68,Aiden Harrison,a.harrison@randatmail.com,kp9pqwnraw
69,Rubie Cooper,r.cooper@randatmail.com,qhmj0bhxrp
70,Alissa Mason,a.mason@randatmail.com,mpympite4d
71,Annabella Cole,a.cole@randatmail.com,b89zel10f9
72,Amanda Richards,a.richards@randatmail.com,prnre0worh
73,Edith Johnson,e.johnson@randatmail.com,pjcehqaruv
74,Maddie Wright,m.wright@randatmail.com,ua3nko6jgl
75,Roland Crawford,r.crawford@randatmail.com,ewhg8cywt8
76,Lana Jones,l.jones@randatmail.com,hd81gbda84
77,Roman Taylor,r.taylor@randatmail.com,l2y29wo625
78,Roman Ellis,r.ellis@randatmail.com,i4dnujrgvg
79,Jared Harper,j.harper@randatmail.com,o6ln2whdvg
80,Annabella Campbell,a.campbell@randatmail.com,06sgw9pt6n
81,Rebecca Wilson,r.wilson@randatmail.com,7s5w67f95r
82,Audrey Kelly,a.kelly@randatmail.com,s4586vy17m
83,Carlos Moore,c.moore@randatmail.com,2t8q0ijovo
84,Blake Adams,b.adams@randatmail.com,fvbyhwfcow
85,Paige Smith,p.smith@randatmail.com,wiq7gr364c
86,Michael Carter,m.carter@randatmail.com,7da1dahjxe
87,Audrey Wilson,a.wilson@randatmail.com,q5259qwa2e
88,Ned Hawkins,n.hawkins@randatmail.com,j4ula0o4ey
89,April Stewart,a.stewart@randatmail.com,4dsfdhu9wg
90,Brad Foster,b.foster@randatmail.com,85szj7aer4
91,Jacob Johnston,j.johnston@randatmail.com,1bdugfhn0z
92,Dainton Wilson,d.wilson@randatmail.com,h7k8mkeckr
93,Alissa Morrison,a.morrison@randatmail.com,anq7buvuic
94,Aldus Thompson,a.thompson@randatmail.com,ntyzl6zzhg
95,Roland Chapman,r.chapman@randatmail.com,g84wqczbx7
96,Vanessa Richards,v.richards@randatmail.com,1m8iicr7da
97,Chloe Ryan,c.ryan@randatmail.com,pb7kcao3ze
98,Melanie Brown,m.brown@randatmail.com,1j20k3qftg
99,Adele Scott,a.scott@randatmail.com,00003qrsma
100,Sam Baker,s.baker@randatmail.com,as230egtmc
101,Belinda Brown,b.brown@randatmail.com,izs1j29tyv
102,Derek Holmes,d.holmes@randatmail.com,r7wzvt0l95
103,Victor Higgins,v.higgins@randatmail.com,ibsrkiuvv8
104,Michelle Wilson,m.wilson@randatmail.com,e7rj9atw60
105,Penelope Stewart,p.stewart@randatmail.com,htcafm3jkz
106,Daisy Kelly,d.kelly@randatmail.com,w2b6slxaea
107,Caroline Chapman,c.chapman@randatmail.com,abj4zwvbuk
108,Ellia Barnes,e.barnes@randatmail.com,yi969uugur
109,Florrie Hall,f.hall@randatmail.com,8snaco0u6q
110,Rafael Lloyd,r.lloyd@randatmail.com,rryqiqp4o7
111,Ellia Holmes,e.holmes@randatmail.com,gdab5al8am
112,Lily Perkins,l.perkins@randatmail.com,fd73pq0xqc
113,Nicole Richardson,n.richardson@randatmail.com,c5ovp9pc9p
114,Victoria Robinson,v.robinson@randatmail.com,vyxm03bc3g
115,Kimberly Johnston,k.johnston@randatmail.com,ae5qrja4nm
116,Kevin Cameron,k.cameron@randatmail.com,zh82boqcja
117,Lydia Miller,l.miller@randatmail.com,wg29z88ta1
118,Isabella Miller,i.miller@randatmail.com,5notifyp3h
119,Kevin West,k.west@randatmail.com,wwt6bqj6gi
120,Miley Alexander,m.alexander@randatmail.com,2bldx8qavc
121,Sofia Watson,s.watson@randatmail.com,63sm4aaxwy
122,Madaline Hamilton,m.hamilton@randatmail.com,ybc7nw1lap
123,Walter Higgins,w.higgins@randatmail.com,96uukc87s4
124,Amelia Reed,a.reed@randatmail.com,xcumji451w
125,Darcy Riley,d.riley@randatmail.com,fq6xi38mvy
126,Amber Richards,a.richards@randatmail.com,wvul25rxzz
127,Jared Crawford,j.crawford@randatmail.com,ijsv2hbgon
128,Sydney Holmes,s.holmes@randatmail.com,4zwdun95rp
129,Valeria Thomas,v.thomas@randatmail.com,9t56kv1pyc
130,Nicole Stewart,n.stewart@randatmail.com,z0aeo67mh7
131,Richard Lloyd,r.lloyd@randatmail.com,53qdao939f
132,Tyler Williams,t.williams@randatmail.com,ab73jz2gk2
133,Lenny Smith,l.smith@randatmail.com,rketpi3v4l
134,Martin Gibson,m.gibson@randatmail.com,pxpiobh1wa
135,Brad Hawkins,b.hawkins@randatmail.com,2nco1mxnun
136,Amelia Brooks,a.brooks@randatmail.com,j9vkqpyeij
137,James Anderson,j.anderson@randatmail.com,b3e5pzw84l
138,Henry Payne,h.payne@randatmail.com,m1f8nqae0v
139,Daisy Mason,d.mason@randatmail.com,svz2vjajg8
140,Adrian Campbell,a.campbell@randatmail.com,j1vwd6ai5c
141,Luke Nelson,l.nelson@randatmail.com,2we9y8gwjv
142,Aston Harrison,a.harrison@randatmail.com,ss1f4zk95s
143,Jared Mason,j.mason@randatmail.com,xi0dardylk
144,Eric Taylor,e.taylor@randatmail.com,n8m3gt564n
145,Adam Casey,a.casey@randatmail.com,okm97ebe1u
146,Olivia Reed,o.reed@randatmail.com,8uom57d7v1
147,Mary Perry,m.perry@randatmail.com,bppytnqbd5
148,Miranda Sullivan,m.sullivan@randatmail.com,45acdhar5u
149,Lilianna Russell,l.russell@randatmail.com,nu9sm4aec0
150,Eleanor Crawford,e.crawford@randatmail.com,waye654118
151,Leonardo Robinson,l.robinson@randatmail.com,vg953ojcg1
152,Harold Morris,h.morris@randatmail.com,w08kib03h5
153,Rebecca Evans,r.evans@randatmail.com,g98cqjh37v
154,Rebecca Russell,r.russell@randatmail.com,1hsbubigmp
155,Blake Morgan,b.morgan@randatmail.com,uhkjl259pd
156,Isabella Ferguson,i.ferguson@randatmail.com,r2opjy8l5f
157,Adam Henderson,a.henderson@randatmail.com,jgs3kiysnf
158,Frederick Alexander,f.alexander@randatmail.com,ldvu4p3yqc
159,Daisy Walker,d.walker@randatmail.com,ofhpbgvnvk
160,Miley Chapman,m.chapman@randatmail.com,zbcyl3uqrx
161,Ted Ross,t.ross@randatmail.com,jnkz44xhs3
162,Miley Evans,m.evans@randatmail.com,wtn4k5gm7e
163,Isabella Parker,i.parker@randatmail.com,gpfcxd28tc
164,Madaline Crawford,m.crawford@randatmail.com,uwtpsei4hs
165,Sawyer Moore,s.moore@randatmail.com,q2lys16lmd
166,Ryan Bennett,r.bennett@randatmail.com,ozoexr3hok
167,Oscar Hamilton,o.hamilton@randatmail.com,4sgmo5icp6
168,Ryan Anderson,r.anderson@randatmail.com,ts8zhrm9nu
169,David Alexander,d.alexander@randatmail.com,einvnoj96e
170,Frederick Morris,f.morris@randatmail.com,bbigqnszzs
171,Lilianna Nelson,l.nelson@randatmail.com,3g8hi142ii
172,Heather Thompson,h.thompson@randatmail.com,oxrz2vzh3v
173,Rebecca Campbell,r.campbell@randatmail.com,0xn69ml6nr
174,Penelope Payne,p.payne@randatmail.com,gw7oof5nsg
175,Ashton Thompson,a.thompson@randatmail.com,fxuyip9q1g
176,Julian Riley,j.riley@randatmail.com,wli3hitu1z
177,Vanessa West,v.west@randatmail.com,5i6618bnkp
178,Adison Evans,a.evans@randatmail.com,1869xud5b2
179,Ryan Howard,r.howard@randatmail.com,9svcdiyi3z
180,Savana Perkins,s.perkins@randatmail.com,mn53exgz1d
181,Connie Murray,c.murray@randatmail.com,wk8gonx7u9
182,Nicole Riley,n.riley@randatmail.com,50kmwrkbvc
183,Heather Mason,h.mason@randatmail.com,06zh7bx2l1
184,Lana Holmes,l.holmes@randatmail.com,lgw9r6chqn
185,Oliver Gibson,o.gibson@randatmail.com,mf4o215ov7
186,Connie Grant,c.grant@randatmail.com,clvautcmgp
187,Camila Roberts,c.roberts@randatmail.com,1z5x9fnhq8
188,Antony Johnson,a.johnson@randatmail.com,k681kj5cgp
189,Dainton Richardson,d.richardson@randatmail.com,oj833t7pat
190,Alan Williams,a.williams@randatmail.com,ou8g88ckuc
191,Tess Chapman,t.chapman@randatmail.com,i2j7lmcn8w
192,Jacob Sullivan,j.sullivan@randatmail.com,4g2yn2lbda
193,Brianna Murphy,b.murphy@randatmail.com,a7ltcznyo6
194,Victoria Harrison,v.harrison@randatmail.com,8yuzbzd9qy
195,Vivian Armstrong,v.armstrong@randatmail.com,wlha5yg6lk
196,Kevin Thomas,k.thomas@randatmail.com,ojwjgji1lg
197,Sophia Murray,s.murray@randatmail.com,1y4h1ap0a4
198,Max Owens,m.owens@randatmail.com,9ed2lster6
199,Belinda Kelly,b.kelly@randatmail.com,xfpmns2a43
200,Owen Warren,o.warren@randatmail.com,uoka58g2w0
